flop,top,mid,btm,pair,suit
2s2d2c,2,2,2,200,3
3s3d3c,3,3,3,300,3
4s4d4c,4,4,4,400,3
5s5d5c,5,5,5,500,3
6s6d6c,6,6,6,600,3
7s7d7c,7,7,7,700,3
8s8d8c,8,8,8,800,3
9s9d9c,9,9,9,900,3
TsTdTc,10,10,10,1000,3
JsJdJc,11,11,11,1100,3
QsQdQc,12,12,12,1200,3
KsKdKc,13,13,13,1300,3
AsAdAc,14,14,14,1400,3
3s2s2d,3,2,2,20,2
3s2d2c,3,2,2,20,3
4s2s2d,4,2,2,20,2
4s2d2c,4,2,2,20,3
5s2s2d,5,2,2,20,2
5s2d2c,5,2,2,20,3
6s2s2d,6,2,2,20,2
6s2d2c,6,2,2,20,3
7s2s2d,7,2,2,20,2
7s2d2c,7,2,2,20,3
8s2s2d,8,2,2,20,2
8s2d2c,8,2,2,20,3
9s2s2d,9,2,2,20,2
9s2d2c,9,2,2,20,3
Ts2s2d,10,2,2,20,2
Ts2d2c,10,2,2,20,3
Js2s2d,11,2,2,20,2
Js2d2c,11,2,2,20,3
Qs2s2d,12,2,2,20,2
Qs2d2c,12,2,2,20,3
Ks2s2d,13,2,2,20,2
Ks2d2c,13,2,2,20,3
As2s2d,14,2,2,20,2
As2d2c,14,2,2,20,3
3s3d2s,3,3,2,30,2
3s3d2c,3,3,2,30,3
4s3s3d,4,3,3,30,2
4s3d3c,4,3,3,30,3
5s3s3d,5,3,3,30,2
5s3d3c,5,3,3,30,3
6s3s3d,6,3,3,30,2
6s3d3c,6,3,3,30,3
7s3s3d,7,3,3,30,2
7s3d3c,7,3,3,30,3
8s3s3d,8,3,3,30,2
8s3d3c,8,3,3,30,3
9s3s3d,9,3,3,30,2
9s3d3c,9,3,3,30,3
Ts3s3d,10,3,3,30,2
Ts3d3c,10,3,3,30,3
Js3s3d,11,3,3,30,2
Js3d3c,11,3,3,30,3
Qs3s3d,12,3,3,30,2
Qs3d3c,12,3,3,30,3
Ks3s3d,13,3,3,30,2
Ks3d3c,13,3,3,30,3
As3s3d,14,3,3,30,2
As3d3c,14,3,3,30,3
4s4d2s,4,4,2,40,2
4s4d2c,4,4,2,40,3
4s4d3s,4,4,3,40,2
4s4d3c,4,4,3,40,3
5s4s4d,5,4,4,40,2
5s4d4c,5,4,4,40,3
6s4s4d,6,4,4,40,2
6s4d4c,6,4,4,40,3
7s4s4d,7,4,4,40,2
7s4d4c,7,4,4,40,3
8s4s4d,8,4,4,40,2
8s4d4c,8,4,4,40,3
9s4s4d,9,4,4,40,2
9s4d4c,9,4,4,40,3
Ts4s4d,10,4,4,40,2
Ts4d4c,10,4,4,40,3
Js4s4d,11,4,4,40,2
Js4d4c,11,4,4,40,3
Qs4s4d,12,4,4,40,2
Qs4d4c,12,4,4,40,3
Ks4s4d,13,4,4,40,2
Ks4d4c,13,4,4,40,3
As4s4d,14,4,4,40,2
As4d4c,14,4,4,40,3
5s5d2s,5,5,2,50,2
5s5d2c,5,5,2,50,3
5s5d3s,5,5,3,50,2
5s5d3c,5,5,3,50,3
5s5d4s,5,5,4,50,2
5s5d4c,5,5,4,50,3
6s5s5d,6,5,5,50,2
6s5d5c,6,5,5,50,3
7s5s5d,7,5,5,50,2
7s5d5c,7,5,5,50,3
8s5s5d,8,5,5,50,2
8s5d5c,8,5,5,50,3
9s5s5d,9,5,5,50,2
9s5d5c,9,5,5,50,3
Ts5s5d,10,5,5,50,2
Ts5d5c,10,5,5,50,3
Js5s5d,11,5,5,50,2
Js5d5c,11,5,5,50,3
Qs5s5d,12,5,5,50,2
Qs5d5c,12,5,5,50,3
Ks5s5d,13,5,5,50,2
Ks5d5c,13,5,5,50,3
As5s5d,14,5,5,50,2
As5d5c,14,5,5,50,3
6s6d2s,6,6,2,60,2
6s6d2c,6,6,2,60,3
6s6d3s,6,6,3,60,2
6s6d3c,6,6,3,60,3
6s6d4s,6,6,4,60,2
6s6d4c,6,6,4,60,3
6s6d5s,6,6,5,60,2
6s6d5c,6,6,5,60,3
7s6s6d,7,6,6,60,2
7s6d6c,7,6,6,60,3
8s6s6d,8,6,6,60,2
8s6d6c,8,6,6,60,3
9s6s6d,9,6,6,60,2
9s6d6c,9,6,6,60,3
Ts6s6d,10,6,6,60,2
Ts6d6c,10,6,6,60,3
Js6s6d,11,6,6,60,2
Js6d6c,11,6,6,60,3
Qs6s6d,12,6,6,60,2
Qs6d6c,12,6,6,60,3
Ks6s6d,13,6,6,60,2
Ks6d6c,13,6,6,60,3
As6s6d,14,6,6,60,2
As6d6c,14,6,6,60,3
7s7d2s,7,7,2,70,2
7s7d2c,7,7,2,70,3
7s7d3s,7,7,3,70,2
7s7d3c,7,7,3,70,3
7s7d4s,7,7,4,70,2
7s7d4c,7,7,4,70,3
7s7d5s,7,7,5,70,2
7s7d5c,7,7,5,70,3
7s7d6s,7,7,6,70,2
7s7d6c,7,7,6,70,3
8s7s7d,8,7,7,70,2
8s7d7c,8,7,7,70,3
9s7s7d,9,7,7,70,2
9s7d7c,9,7,7,70,3
Ts7s7d,10,7,7,70,2
Ts7d7c,10,7,7,70,3
Js7s7d,11,7,7,70,2
Js7d7c,11,7,7,70,3
Qs7s7d,12,7,7,70,2
Qs7d7c,12,7,7,70,3
Ks7s7d,13,7,7,70,2
Ks7d7c,13,7,7,70,3
As7s7d,14,7,7,70,2
As7d7c,14,7,7,70,3
8s8d2s,8,8,2,80,2
8s8d2c,8,8,2,80,3
8s8d3s,8,8,3,80,2
8s8d3c,8,8,3,80,3
8s8d4s,8,8,4,80,2
8s8d4c,8,8,4,80,3
8s8d5s,8,8,5,80,2
8s8d5c,8,8,5,80,3
8s8d6s,8,8,6,80,2
8s8d6c,8,8,6,80,3
8s8d7s,8,8,7,80,2
8s8d7c,8,8,7,80,3
9s8s8d,9,8,8,80,2
9s8d8c,9,8,8,80,3
Ts8s8d,10,8,8,80,2
Ts8d8c,10,8,8,80,3
Js8s8d,11,8,8,80,2
Js8d8c,11,8,8,80,3
Qs8s8d,12,8,8,80,2
Qs8d8c,12,8,8,80,3
Ks8s8d,13,8,8,80,2
Ks8d8c,13,8,8,80,3
As8s8d,14,8,8,80,2
As8d8c,14,8,8,80,3
9s9d2s,9,9,2,90,2
9s9d2c,9,9,2,90,3
9s9d3s,9,9,3,90,2
9s9d3c,9,9,3,90,3
9s9d4s,9,9,4,90,2
9s9d4c,9,9,4,90,3
9s9d5s,9,9,5,90,2
9s9d5c,9,9,5,90,3
9s9d6s,9,9,6,90,2
9s9d6c,9,9,6,90,3
9s9d7s,9,9,7,90,2
9s9d7c,9,9,7,90,3
9s9d8s,9,9,8,90,2
9s9d8c,9,9,8,90,3
Ts9s9d,10,9,9,90,2
Ts9d9c,10,9,9,90,3
Js9s9d,11,9,9,90,2
Js9d9c,11,9,9,90,3
Qs9s9d,12,9,9,90,2
Qs9d9c,12,9,9,90,3
Ks9s9d,13,9,9,90,2
Ks9d9c,13,9,9,90,3
As9s9d,14,9,9,90,2
As9d9c,14,9,9,90,3
TsTd2s,10,10,2,100,2
TsTd2c,10,10,2,100,3
TsTd3s,10,10,3,100,2
TsTd3c,10,10,3,100,3
TsTd4s,10,10,4,100,2
TsTd4c,10,10,4,100,3
TsTd5s,10,10,5,100,2
TsTd5c,10,10,5,100,3
TsTd6s,10,10,6,100,2
TsTd6c,10,10,6,100,3
TsTd7s,10,10,7,100,2
TsTd7c,10,10,7,100,3
TsTd8s,10,10,8,100,2
TsTd8c,10,10,8,100,3
TsTd9s,10,10,9,100,2
TsTd9c,10,10,9,100,3
JsTsTd,11,10,10,100,2
JcTsTd,11,10,10,100,3
QsTsTd,12,10,10,100,2
QcTsTd,12,10,10,100,3
KsTsTd,13,10,10,100,2
KcTsTd,13,10,10,100,3
AsTsTd,14,10,10,100,2
AcTsTd,14,10,10,100,3
JsJd2s,11,11,2,110,2
JsJd2c,11,11,2,110,3
JsJd3s,11,11,3,110,2
JsJd3c,11,11,3,110,3
JsJd4s,11,11,4,110,2
JsJd4c,11,11,4,110,3
JsJd5s,11,11,5,110,2
JsJd5c,11,11,5,110,3
JsJd6s,11,11,6,110,2
JsJd6c,11,11,6,110,3
JsJd7s,11,11,7,110,2
JsJd7c,11,11,7,110,3
JsJd8s,11,11,8,110,2
JsJd8c,11,11,8,110,3
JsJd9s,11,11,9,110,2
JsJd9c,11,11,9,110,3
JsJdTs,11,11,10,110,2
JdJcTs,11,11,10,110,3
QsJsJd,12,11,11,110,2
QsJdJc,12,11,11,110,3
KsJsJd,13,11,11,110,2
KsJdJc,13,11,11,110,3
AsJsJd,14,11,11,110,2
AcJsJd,14,11,11,110,3
QsQd2s,12,12,2,120,2
QsQd2c,12,12,2,120,3
QsQd3s,12,12,3,120,2
QsQd3c,12,12,3,120,3
QsQd4s,12,12,4,120,2
QsQd4c,12,12,4,120,3
QsQd5s,12,12,5,120,2
QsQd5c,12,12,5,120,3
QsQd6s,12,12,6,120,2
QsQd6c,12,12,6,120,3
QsQd7s,12,12,7,120,2
QsQd7c,12,12,7,120,3
QsQd8s,12,12,8,120,2
QsQd8c,12,12,8,120,3
QsQd9s,12,12,9,120,2
QsQd9c,12,12,9,120,3
QsQdTs,12,12,10,120,2
QdQcTs,12,12,10,120,3
QsQdJs,12,12,11,120,2
QsQdJc,12,12,11,120,3
KsQsQd,13,12,12,120,2
KcQsQd,13,12,12,120,3
AsQsQd,14,12,12,120,2
AcQsQd,14,12,12,120,3
KsKd2s,13,13,2,130,2
KsKd2c,13,13,2,130,3
KsKd3s,13,13,3,130,2
KsKd3c,13,13,3,130,3
KsKd4s,13,13,4,130,2
KsKd4c,13,13,4,130,3
KsKd5s,13,13,5,130,2
KsKd5c,13,13,5,130,3
KsKd6s,13,13,6,130,2
KsKd6c,13,13,6,130,3
KsKd7s,13,13,7,130,2
KsKd7c,13,13,7,130,3
KsKd8s,13,13,8,130,2
KsKd8c,13,13,8,130,3
KsKd9s,13,13,9,130,2
KsKd9c,13,13,9,130,3
KsKdTs,13,13,10,130,2
KdKcTs,13,13,10,130,3
KsKdJs,13,13,11,130,2
KsKdJc,13,13,11,130,3
KsKdQs,13,13,12,130,2
KdKcQs,13,13,12,130,3
AsKsKd,14,13,13,130,2
AcKsKd,14,13,13,130,3
AsAd2s,14,14,2,140,2
AsAd2c,14,14,2,140,3
AsAd3s,14,14,3,140,2
AsAd3c,14,14,3,140,3
AsAd4s,14,14,4,140,2
AsAd4c,14,14,4,140,3
AsAd5s,14,14,5,140,2
AsAd5c,14,14,5,140,3
AsAd6s,14,14,6,140,2
AsAd6c,14,14,6,140,3
AsAd7s,14,14,7,140,2
AsAd7c,14,14,7,140,3
AsAd8s,14,14,8,140,2
AsAd8c,14,14,8,140,3
AsAd9s,14,14,9,140,2
AsAd9c,14,14,9,140,3
AsAdTs,14,14,10,140,2
AdAcTs,14,14,10,140,3
AsAdJs,14,14,11,140,2
AdAcJs,14,14,11,140,3
AsAdQs,14,14,12,140,2
AdAcQs,14,14,12,140,3
AsAdKs,14,14,13,140,2
AdAcKs,14,14,13,140,3
4s3d2c,4,3,2,0,3
4s3d2d,4,3,2,0,2
4s3d2s,4,3,2,0,2
4s3s2d,4,3,2,0,2
4s3s2s,4,3,2,0,1
5s3d2c,5,3,2,0,3
5s3d2d,5,3,2,0,2
5s3d2s,5,3,2,0,2
5s3s2d,5,3,2,0,2
5s3s2s,5,3,2,0,1
6s3d2c,6,3,2,0,3
6s3d2d,6,3,2,0,2
6s3d2s,6,3,2,0,2
6s3s2d,6,3,2,0,2
6s3s2s,6,3,2,0,1
7s3d2c,7,3,2,0,3
7s3d2d,7,3,2,0,2
7s3d2s,7,3,2,0,2
7s3s2d,7,3,2,0,2
7s3s2s,7,3,2,0,1
8s3d2c,8,3,2,0,3
8s3d2d,8,3,2,0,2
8s3d2s,8,3,2,0,2
8s3s2d,8,3,2,0,2
8s3s2s,8,3,2,0,1
9s3d2c,9,3,2,0,3
9s3d2d,9,3,2,0,2
9s3d2s,9,3,2,0,2
9s3s2d,9,3,2,0,2
9s3s2s,9,3,2,0,1
Ts3d2c,10,3,2,0,3
Ts3d2d,10,3,2,0,2
Ts3d2s,10,3,2,0,2
Ts3s2d,10,3,2,0,2
Ts3s2s,10,3,2,0,1
Js3d2c,11,3,2,0,3
Js3d2d,11,3,2,0,2
Js3d2s,11,3,2,0,2
Js3s2d,11,3,2,0,2
Js3s2s,11,3,2,0,1
Qs3d2c,12,3,2,0,3
Qs3d2d,12,3,2,0,2
Qs3d2s,12,3,2,0,2
Qs3s2d,12,3,2,0,2
Qs3s2s,12,3,2,0,1
Ks3d2c,13,3,2,0,3
Ks3d2d,13,3,2,0,2
Ks3d2s,13,3,2,0,2
Ks3s2d,13,3,2,0,2
Ks3s2s,13,3,2,0,1
As3d2c,14,3,2,0,3
As3d2d,14,3,2,0,2
As3d2s,14,3,2,0,2
As3s2d,14,3,2,0,2
As3s2s,14,3,2,0,1
5s4d2c,5,4,2,0,3
5s4d2d,5,4,2,0,2
5s4d2s,5,4,2,0,2
5s4s2d,5,4,2,0,2
5s4s2s,5,4,2,0,1
6s4d2c,6,4,2,0,3
6s4d2d,6,4,2,0,2
6s4d2s,6,4,2,0,2
6s4s2d,6,4,2,0,2
6s4s2s,6,4,2,0,1
7s4d2c,7,4,2,0,3
7s4d2d,7,4,2,0,2
7s4d2s,7,4,2,0,2
7s4s2d,7,4,2,0,2
7s4s2s,7,4,2,0,1
8s4d2c,8,4,2,0,3
8s4d2d,8,4,2,0,2
8s4d2s,8,4,2,0,2
8s4s2d,8,4,2,0,2
8s4s2s,8,4,2,0,1
9s4d2c,9,4,2,0,3
9s4d2d,9,4,2,0,2
9s4d2s,9,4,2,0,2
9s4s2d,9,4,2,0,2
9s4s2s,9,4,2,0,1
Ts4d2c,10,4,2,0,3
Ts4d2d,10,4,2,0,2
Ts4d2s,10,4,2,0,2
Ts4s2d,10,4,2,0,2
Ts4s2s,10,4,2,0,1
Js4d2c,11,4,2,0,3
Js4d2d,11,4,2,0,2
Js4d2s,11,4,2,0,2
Js4s2d,11,4,2,0,2
Js4s2s,11,4,2,0,1
Qs4d2c,12,4,2,0,3
Qs4d2d,12,4,2,0,2
Qs4d2s,12,4,2,0,2
Qs4s2d,12,4,2,0,2
Qs4s2s,12,4,2,0,1
Ks4d2c,13,4,2,0,3
Ks4d2d,13,4,2,0,2
Ks4d2s,13,4,2,0,2
Ks4s2d,13,4,2,0,2
Ks4s2s,13,4,2,0,1
As4d2c,14,4,2,0,3
As4d2d,14,4,2,0,2
As4d2s,14,4,2,0,2
As4s2d,14,4,2,0,2
As4s2s,14,4,2,0,1
6s5d2c,6,5,2,0,3
6s5d2d,6,5,2,0,2
6s5d2s,6,5,2,0,2
6s5s2d,6,5,2,0,2
6s5s2s,6,5,2,0,1
7s5d2c,7,5,2,0,3
7s5d2d,7,5,2,0,2
7s5d2s,7,5,2,0,2
7s5s2d,7,5,2,0,2
7s5s2s,7,5,2,0,1
8s5d2c,8,5,2,0,3
8s5d2d,8,5,2,0,2
8s5d2s,8,5,2,0,2
8s5s2d,8,5,2,0,2
8s5s2s,8,5,2,0,1
9s5d2c,9,5,2,0,3
9s5d2d,9,5,2,0,2
9s5d2s,9,5,2,0,2
9s5s2d,9,5,2,0,2
9s5s2s,9,5,2,0,1
Ts5d2c,10,5,2,0,3
Ts5d2d,10,5,2,0,2
Ts5d2s,10,5,2,0,2
Ts5s2d,10,5,2,0,2
Ts5s2s,10,5,2,0,1
Js5d2c,11,5,2,0,3
Js5d2d,11,5,2,0,2
Js5d2s,11,5,2,0,2
Js5s2d,11,5,2,0,2
Js5s2s,11,5,2,0,1
Qs5d2c,12,5,2,0,3
Qs5d2d,12,5,2,0,2
Qs5d2s,12,5,2,0,2
Qs5s2d,12,5,2,0,2
Qs5s2s,12,5,2,0,1
Ks5d2c,13,5,2,0,3
Ks5d2d,13,5,2,0,2
Ks5d2s,13,5,2,0,2
Ks5s2d,13,5,2,0,2
Ks5s2s,13,5,2,0,1
As5d2c,14,5,2,0,3
As5d2d,14,5,2,0,2
As5d2s,14,5,2,0,2
As5s2d,14,5,2,0,2
As5s2s,14,5,2,0,1
7s6d2c,7,6,2,0,3
7s6d2d,7,6,2,0,2
7s6d2s,7,6,2,0,2
7s6s2d,7,6,2,0,2
7s6s2s,7,6,2,0,1
8s6d2c,8,6,2,0,3
8s6d2d,8,6,2,0,2
8s6d2s,8,6,2,0,2
8s6s2d,8,6,2,0,2
8s6s2s,8,6,2,0,1
9s6d2c,9,6,2,0,3
9s6d2d,9,6,2,0,2
9s6d2s,9,6,2,0,2
9s6s2d,9,6,2,0,2
9s6s2s,9,6,2,0,1
Ts6d2c,10,6,2,0,3
Ts6d2d,10,6,2,0,2
Ts6d2s,10,6,2,0,2
Ts6s2d,10,6,2,0,2
Ts6s2s,10,6,2,0,1
Js6d2c,11,6,2,0,3
Js6d2d,11,6,2,0,2
Js6d2s,11,6,2,0,2
Js6s2d,11,6,2,0,2
Js6s2s,11,6,2,0,1
Qs6d2c,12,6,2,0,3
Qs6d2d,12,6,2,0,2
Qs6d2s,12,6,2,0,2
Qs6s2d,12,6,2,0,2
Qs6s2s,12,6,2,0,1
Ks6d2c,13,6,2,0,3
Ks6d2d,13,6,2,0,2
Ks6d2s,13,6,2,0,2
Ks6s2d,13,6,2,0,2
Ks6s2s,13,6,2,0,1
As6d2c,14,6,2,0,3
As6d2d,14,6,2,0,2
As6d2s,14,6,2,0,2
As6s2d,14,6,2,0,2
As6s2s,14,6,2,0,1
8s7d2c,8,7,2,0,3
8s7d2d,8,7,2,0,2
8s7d2s,8,7,2,0,2
8s7s2d,8,7,2,0,2
8s7s2s,8,7,2,0,1
9s7d2c,9,7,2,0,3
9s7d2d,9,7,2,0,2
9s7d2s,9,7,2,0,2
9s7s2d,9,7,2,0,2
9s7s2s,9,7,2,0,1
Ts7d2c,10,7,2,0,3
Ts7d2d,10,7,2,0,2
Ts7d2s,10,7,2,0,2
Ts7s2d,10,7,2,0,2
Ts7s2s,10,7,2,0,1
Js7d2c,11,7,2,0,3
Js7d2d,11,7,2,0,2
Js7d2s,11,7,2,0,2
Js7s2d,11,7,2,0,2
Js7s2s,11,7,2,0,1
Qs7d2c,12,7,2,0,3
Qs7d2d,12,7,2,0,2
Qs7d2s,12,7,2,0,2
Qs7s2d,12,7,2,0,2
Qs7s2s,12,7,2,0,1
Ks7d2c,13,7,2,0,3
Ks7d2d,13,7,2,0,2
Ks7d2s,13,7,2,0,2
Ks7s2d,13,7,2,0,2
Ks7s2s,13,7,2,0,1
As7d2c,14,7,2,0,3
As7d2d,14,7,2,0,2
As7d2s,14,7,2,0,2
As7s2d,14,7,2,0,2
As7s2s,14,7,2,0,1
9s8d2c,9,8,2,0,3
9s8d2d,9,8,2,0,2
9s8d2s,9,8,2,0,2
9s8s2d,9,8,2,0,2
9s8s2s,9,8,2,0,1
Ts8d2c,10,8,2,0,3
Ts8d2d,10,8,2,0,2
Ts8d2s,10,8,2,0,2
Ts8s2d,10,8,2,0,2
Ts8s2s,10,8,2,0,1
Js8d2c,11,8,2,0,3
Js8d2d,11,8,2,0,2
Js8d2s,11,8,2,0,2
Js8s2d,11,8,2,0,2
Js8s2s,11,8,2,0,1
Qs8d2c,12,8,2,0,3
Qs8d2d,12,8,2,0,2
Qs8d2s,12,8,2,0,2
Qs8s2d,12,8,2,0,2
Qs8s2s,12,8,2,0,1
Ks8d2c,13,8,2,0,3
Ks8d2d,13,8,2,0,2
Ks8d2s,13,8,2,0,2
Ks8s2d,13,8,2,0,2
Ks8s2s,13,8,2,0,1
As8d2c,14,8,2,0,3
As8d2d,14,8,2,0,2
As8d2s,14,8,2,0,2
As8s2d,14,8,2,0,2
As8s2s,14,8,2,0,1
Ts9d2c,10,9,2,0,3
Ts9d2d,10,9,2,0,2
Ts9d2s,10,9,2,0,2
Ts9s2d,10,9,2,0,2
Ts9s2s,10,9,2,0,1
Js9d2c,11,9,2,0,3
Js9d2d,11,9,2,0,2
Js9d2s,11,9,2,0,2
Js9s2d,11,9,2,0,2
Js9s2s,11,9,2,0,1
Qs9d2c,12,9,2,0,3
Qs9d2d,12,9,2,0,2
Qs9d2s,12,9,2,0,2
Qs9s2d,12,9,2,0,2
Qs9s2s,12,9,2,0,1
Ks9d2c,13,9,2,0,3
Ks9d2d,13,9,2,0,2
Ks9d2s,13,9,2,0,2
Ks9s2d,13,9,2,0,2
Ks9s2s,13,9,2,0,1
As9d2c,14,9,2,0,3
As9d2d,14,9,2,0,2
As9d2s,14,9,2,0,2
As9s2d,14,9,2,0,2
As9s2s,14,9,2,0,1
JsTd2c,11,10,2,0,3
JsTd2d,11,10,2,0,2
JsTd2s,11,10,2,0,2
JsTs2d,11,10,2,0,2
JsTs2s,11,10,2,0,1
QsTd2c,12,10,2,0,3
QsTd2d,12,10,2,0,2
QsTd2s,12,10,2,0,2
QsTs2d,12,10,2,0,2
QsTs2s,12,10,2,0,1
KsTd2c,13,10,2,0,3
KsTd2d,13,10,2,0,2
KsTd2s,13,10,2,0,2
KsTs2d,13,10,2,0,2
KsTs2s,13,10,2,0,1
AsTd2c,14,10,2,0,3
AsTd2d,14,10,2,0,2
AsTd2s,14,10,2,0,2
AsTs2d,14,10,2,0,2
AsTs2s,14,10,2,0,1
QsJd2c,12,11,2,0,3
QsJd2d,12,11,2,0,2
QsJd2s,12,11,2,0,2
QsJs2d,12,11,2,0,2
QsJs2s,12,11,2,0,1
KsJd2c,13,11,2,0,3
KsJd2d,13,11,2,0,2
KsJd2s,13,11,2,0,2
KsJs2d,13,11,2,0,2
KsJs2s,13,11,2,0,1
AsJd2c,14,11,2,0,3
AsJd2d,14,11,2,0,2
AsJd2s,14,11,2,0,2
AsJs2d,14,11,2,0,2
AsJs2s,14,11,2,0,1
KsQd2c,13,12,2,0,3
KsQd2d,13,12,2,0,2
KsQd2s,13,12,2,0,2
KsQs2d,13,12,2,0,2
KsQs2s,13,12,2,0,1
AsQd2c,14,12,2,0,3
AsQd2d,14,12,2,0,2
AsQd2s,14,12,2,0,2
AsQs2d,14,12,2,0,2
AsQs2s,14,12,2,0,1
AsKd2c,14,13,2,0,3
AsKd2d,14,13,2,0,2
AsKd2s,14,13,2,0,2
AsKs2d,14,13,2,0,2
AsKs2s,14,13,2,0,1
5s4d3c,5,4,3,0,3
5s4d3d,5,4,3,0,2
5s4d3s,5,4,3,0,2
5s4s3d,5,4,3,0,2
5s4s3s,5,4,3,0,1
6s4d3c,6,4,3,0,3
6s4d3d,6,4,3,0,2
6s4d3s,6,4,3,0,2
6s4s3d,6,4,3,0,2
6s4s3s,6,4,3,0,1
7s4d3c,7,4,3,0,3
7s4d3d,7,4,3,0,2
7s4d3s,7,4,3,0,2
7s4s3d,7,4,3,0,2
7s4s3s,7,4,3,0,1
8s4d3c,8,4,3,0,3
8s4d3d,8,4,3,0,2
8s4d3s,8,4,3,0,2
8s4s3d,8,4,3,0,2
8s4s3s,8,4,3,0,1
9s4d3c,9,4,3,0,3
9s4d3d,9,4,3,0,2
9s4d3s,9,4,3,0,2
9s4s3d,9,4,3,0,2
9s4s3s,9,4,3,0,1
Ts4d3c,10,4,3,0,3
Ts4d3d,10,4,3,0,2
Ts4d3s,10,4,3,0,2
Ts4s3d,10,4,3,0,2
Ts4s3s,10,4,3,0,1
Js4d3c,11,4,3,0,3
Js4d3d,11,4,3,0,2
Js4d3s,11,4,3,0,2
Js4s3d,11,4,3,0,2
Js4s3s,11,4,3,0,1
Qs4d3c,12,4,3,0,3
Qs4d3d,12,4,3,0,2
Qs4d3s,12,4,3,0,2
Qs4s3d,12,4,3,0,2
Qs4s3s,12,4,3,0,1
Ks4d3c,13,4,3,0,3
Ks4d3d,13,4,3,0,2
Ks4d3s,13,4,3,0,2
Ks4s3d,13,4,3,0,2
Ks4s3s,13,4,3,0,1
As4d3c,14,4,3,0,3
As4d3d,14,4,3,0,2
As4d3s,14,4,3,0,2
As4s3d,14,4,3,0,2
As4s3s,14,4,3,0,1
6s5d3c,6,5,3,0,3
6s5d3d,6,5,3,0,2
6s5d3s,6,5,3,0,2
6s5s3d,6,5,3,0,2
6s5s3s,6,5,3,0,1
7s5d3c,7,5,3,0,3
7s5d3d,7,5,3,0,2
7s5d3s,7,5,3,0,2
7s5s3d,7,5,3,0,2
7s5s3s,7,5,3,0,1
8s5d3c,8,5,3,0,3
8s5d3d,8,5,3,0,2
8s5d3s,8,5,3,0,2
8s5s3d,8,5,3,0,2
8s5s3s,8,5,3,0,1
9s5d3c,9,5,3,0,3
9s5d3d,9,5,3,0,2
9s5d3s,9,5,3,0,2
9s5s3d,9,5,3,0,2
9s5s3s,9,5,3,0,1
Ts5d3c,10,5,3,0,3
Ts5d3d,10,5,3,0,2
Ts5d3s,10,5,3,0,2
Ts5s3d,10,5,3,0,2
Ts5s3s,10,5,3,0,1
Js5d3c,11,5,3,0,3
Js5d3d,11,5,3,0,2
Js5d3s,11,5,3,0,2
Js5s3d,11,5,3,0,2
Js5s3s,11,5,3,0,1
Qs5d3c,12,5,3,0,3
Qs5d3d,12,5,3,0,2
Qs5d3s,12,5,3,0,2
Qs5s3d,12,5,3,0,2
Qs5s3s,12,5,3,0,1
Ks5d3c,13,5,3,0,3
Ks5d3d,13,5,3,0,2
Ks5d3s,13,5,3,0,2
Ks5s3d,13,5,3,0,2
Ks5s3s,13,5,3,0,1
As5d3c,14,5,3,0,3
As5d3d,14,5,3,0,2
As5d3s,14,5,3,0,2
As5s3d,14,5,3,0,2
As5s3s,14,5,3,0,1
7s6d3c,7,6,3,0,3
7s6d3d,7,6,3,0,2
7s6d3s,7,6,3,0,2
7s6s3d,7,6,3,0,2
7s6s3s,7,6,3,0,1
8s6d3c,8,6,3,0,3
8s6d3d,8,6,3,0,2
8s6d3s,8,6,3,0,2
8s6s3d,8,6,3,0,2
8s6s3s,8,6,3,0,1
9s6d3c,9,6,3,0,3
9s6d3d,9,6,3,0,2
9s6d3s,9,6,3,0,2
9s6s3d,9,6,3,0,2
9s6s3s,9,6,3,0,1
Ts6d3c,10,6,3,0,3
Ts6d3d,10,6,3,0,2
Ts6d3s,10,6,3,0,2
Ts6s3d,10,6,3,0,2
Ts6s3s,10,6,3,0,1
Js6d3c,11,6,3,0,3
Js6d3d,11,6,3,0,2
Js6d3s,11,6,3,0,2
Js6s3d,11,6,3,0,2
Js6s3s,11,6,3,0,1
Qs6d3c,12,6,3,0,3
Qs6d3d,12,6,3,0,2
Qs6d3s,12,6,3,0,2
Qs6s3d,12,6,3,0,2
Qs6s3s,12,6,3,0,1
Ks6d3c,13,6,3,0,3
Ks6d3d,13,6,3,0,2
Ks6d3s,13,6,3,0,2
Ks6s3d,13,6,3,0,2
Ks6s3s,13,6,3,0,1
As6d3c,14,6,3,0,3
As6d3d,14,6,3,0,2
As6d3s,14,6,3,0,2
As6s3d,14,6,3,0,2
As6s3s,14,6,3,0,1
8s7d3c,8,7,3,0,3
8s7d3d,8,7,3,0,2
8s7d3s,8,7,3,0,2
8s7s3d,8,7,3,0,2
8s7s3s,8,7,3,0,1
9s7d3c,9,7,3,0,3
9s7d3d,9,7,3,0,2
9s7d3s,9,7,3,0,2
9s7s3d,9,7,3,0,2
9s7s3s,9,7,3,0,1
Ts7d3c,10,7,3,0,3
Ts7d3d,10,7,3,0,2
Ts7d3s,10,7,3,0,2
Ts7s3d,10,7,3,0,2
Ts7s3s,10,7,3,0,1
Js7d3c,11,7,3,0,3
Js7d3d,11,7,3,0,2
Js7d3s,11,7,3,0,2
Js7s3d,11,7,3,0,2
Js7s3s,11,7,3,0,1
Qs7d3c,12,7,3,0,3
Qs7d3d,12,7,3,0,2
Qs7d3s,12,7,3,0,2
Qs7s3d,12,7,3,0,2
Qs7s3s,12,7,3,0,1
Ks7d3c,13,7,3,0,3
Ks7d3d,13,7,3,0,2
Ks7d3s,13,7,3,0,2
Ks7s3d,13,7,3,0,2
Ks7s3s,13,7,3,0,1
As7d3c,14,7,3,0,3
As7d3d,14,7,3,0,2
As7d3s,14,7,3,0,2
As7s3d,14,7,3,0,2
As7s3s,14,7,3,0,1
9s8d3c,9,8,3,0,3
9s8d3d,9,8,3,0,2
9s8d3s,9,8,3,0,2
9s8s3d,9,8,3,0,2
9s8s3s,9,8,3,0,1
Ts8d3c,10,8,3,0,3
Ts8d3d,10,8,3,0,2
Ts8d3s,10,8,3,0,2
Ts8s3d,10,8,3,0,2
Ts8s3s,10,8,3,0,1
Js8d3c,11,8,3,0,3
Js8d3d,11,8,3,0,2
Js8d3s,11,8,3,0,2
Js8s3d,11,8,3,0,2
Js8s3s,11,8,3,0,1
Qs8d3c,12,8,3,0,3
Qs8d3d,12,8,3,0,2
Qs8d3s,12,8,3,0,2
Qs8s3d,12,8,3,0,2
Qs8s3s,12,8,3,0,1
Ks8d3c,13,8,3,0,3
Ks8d3d,13,8,3,0,2
Ks8d3s,13,8,3,0,2
Ks8s3d,13,8,3,0,2
Ks8s3s,13,8,3,0,1
As8d3c,14,8,3,0,3
As8d3d,14,8,3,0,2
As8d3s,14,8,3,0,2
As8s3d,14,8,3,0,2
As8s3s,14,8,3,0,1
Ts9d3c,10,9,3,0,3
Ts9d3d,10,9,3,0,2
Ts9d3s,10,9,3,0,2
Ts9s3d,10,9,3,0,2
Ts9s3s,10,9,3,0,1
Js9d3c,11,9,3,0,3
Js9d3d,11,9,3,0,2
Js9d3s,11,9,3,0,2
Js9s3d,11,9,3,0,2
Js9s3s,11,9,3,0,1
Qs9d3c,12,9,3,0,3
Qs9d3d,12,9,3,0,2
Qs9d3s,12,9,3,0,2
Qs9s3d,12,9,3,0,2
Qs9s3s,12,9,3,0,1
Ks9d3c,13,9,3,0,3
Ks9d3d,13,9,3,0,2
Ks9d3s,13,9,3,0,2
Ks9s3d,13,9,3,0,2
Ks9s3s,13,9,3,0,1
As9d3c,14,9,3,0,3
As9d3d,14,9,3,0,2
As9d3s,14,9,3,0,2
As9s3d,14,9,3,0,2
As9s3s,14,9,3,0,1
JsTd3c,11,10,3,0,3
JsTd3d,11,10,3,0,2
JsTd3s,11,10,3,0,2
JsTs3d,11,10,3,0,2
JsTs3s,11,10,3,0,1
QsTd3c,12,10,3,0,3
QsTd3d,12,10,3,0,2
QsTd3s,12,10,3,0,2
QsTs3d,12,10,3,0,2
QsTs3s,12,10,3,0,1
KsTd3c,13,10,3,0,3
KsTd3d,13,10,3,0,2
KsTd3s,13,10,3,0,2
KsTs3d,13,10,3,0,2
KsTs3s,13,10,3,0,1
AsTd3c,14,10,3,0,3
AsTd3d,14,10,3,0,2
AsTd3s,14,10,3,0,2
AsTs3d,14,10,3,0,2
AsTs3s,14,10,3,0,1
QsJd3c,12,11,3,0,3
QsJd3d,12,11,3,0,2
QsJd3s,12,11,3,0,2
QsJs3d,12,11,3,0,2
QsJs3s,12,11,3,0,1
KsJd3c,13,11,3,0,3
KsJd3d,13,11,3,0,2
KsJd3s,13,11,3,0,2
KsJs3d,13,11,3,0,2
KsJs3s,13,11,3,0,1
AsJd3c,14,11,3,0,3
AsJd3d,14,11,3,0,2
AsJd3s,14,11,3,0,2
AsJs3d,14,11,3,0,2
AsJs3s,14,11,3,0,1
KsQd3c,13,12,3,0,3
KsQd3d,13,12,3,0,2
KsQd3s,13,12,3,0,2
KsQs3d,13,12,3,0,2
KsQs3s,13,12,3,0,1
AsQd3c,14,12,3,0,3
AsQd3d,14,12,3,0,2
AsQd3s,14,12,3,0,2
AsQs3d,14,12,3,0,2
AsQs3s,14,12,3,0,1
AsKd3c,14,13,3,0,3
AsKd3d,14,13,3,0,2
AsKd3s,14,13,3,0,2
AsKs3d,14,13,3,0,2
AsKs3s,14,13,3,0,1
6s5d4c,6,5,4,0,3
6s5d4d,6,5,4,0,2
6s5d4s,6,5,4,0,2
6s5s4d,6,5,4,0,2
6s5s4s,6,5,4,0,1
7s5d4c,7,5,4,0,3
7s5d4d,7,5,4,0,2
7s5d4s,7,5,4,0,2
7s5s4d,7,5,4,0,2
7s5s4s,7,5,4,0,1
8s5d4c,8,5,4,0,3
8s5d4d,8,5,4,0,2
8s5d4s,8,5,4,0,2
8s5s4d,8,5,4,0,2
8s5s4s,8,5,4,0,1
9s5d4c,9,5,4,0,3
9s5d4d,9,5,4,0,2
9s5d4s,9,5,4,0,2
9s5s4d,9,5,4,0,2
9s5s4s,9,5,4,0,1
Ts5d4c,10,5,4,0,3
Ts5d4d,10,5,4,0,2
Ts5d4s,10,5,4,0,2
Ts5s4d,10,5,4,0,2
Ts5s4s,10,5,4,0,1
Js5d4c,11,5,4,0,3
Js5d4d,11,5,4,0,2
Js5d4s,11,5,4,0,2
Js5s4d,11,5,4,0,2
Js5s4s,11,5,4,0,1
Qs5d4c,12,5,4,0,3
Qs5d4d,12,5,4,0,2
Qs5d4s,12,5,4,0,2
Qs5s4d,12,5,4,0,2
Qs5s4s,12,5,4,0,1
Ks5d4c,13,5,4,0,3
Ks5d4d,13,5,4,0,2
Ks5d4s,13,5,4,0,2
Ks5s4d,13,5,4,0,2
Ks5s4s,13,5,4,0,1
As5d4c,14,5,4,0,3
As5d4d,14,5,4,0,2
As5d4s,14,5,4,0,2
As5s4d,14,5,4,0,2
As5s4s,14,5,4,0,1
7s6d4c,7,6,4,0,3
7s6d4d,7,6,4,0,2
7s6d4s,7,6,4,0,2
7s6s4d,7,6,4,0,2
7s6s4s,7,6,4,0,1
8s6d4c,8,6,4,0,3
8s6d4d,8,6,4,0,2
8s6d4s,8,6,4,0,2
8s6s4d,8,6,4,0,2
8s6s4s,8,6,4,0,1
9s6d4c,9,6,4,0,3
9s6d4d,9,6,4,0,2
9s6d4s,9,6,4,0,2
9s6s4d,9,6,4,0,2
9s6s4s,9,6,4,0,1
Ts6d4c,10,6,4,0,3
Ts6d4d,10,6,4,0,2
Ts6d4s,10,6,4,0,2
Ts6s4d,10,6,4,0,2
Ts6s4s,10,6,4,0,1
Js6d4c,11,6,4,0,3
Js6d4d,11,6,4,0,2
Js6d4s,11,6,4,0,2
Js6s4d,11,6,4,0,2
Js6s4s,11,6,4,0,1
Qs6d4c,12,6,4,0,3
Qs6d4d,12,6,4,0,2
Qs6d4s,12,6,4,0,2
Qs6s4d,12,6,4,0,2
Qs6s4s,12,6,4,0,1
Ks6d4c,13,6,4,0,3
Ks6d4d,13,6,4,0,2
Ks6d4s,13,6,4,0,2
Ks6s4d,13,6,4,0,2
Ks6s4s,13,6,4,0,1
As6d4c,14,6,4,0,3
As6d4d,14,6,4,0,2
As6d4s,14,6,4,0,2
As6s4d,14,6,4,0,2
As6s4s,14,6,4,0,1
8s7d4c,8,7,4,0,3
8s7d4d,8,7,4,0,2
8s7d4s,8,7,4,0,2
8s7s4d,8,7,4,0,2
8s7s4s,8,7,4,0,1
9s7d4c,9,7,4,0,3
9s7d4d,9,7,4,0,2
9s7d4s,9,7,4,0,2
9s7s4d,9,7,4,0,2
9s7s4s,9,7,4,0,1
Ts7d4c,10,7,4,0,3
Ts7d4d,10,7,4,0,2
Ts7d4s,10,7,4,0,2
Ts7s4d,10,7,4,0,2
Ts7s4s,10,7,4,0,1
Js7d4c,11,7,4,0,3
Js7d4d,11,7,4,0,2
Js7d4s,11,7,4,0,2
Js7s4d,11,7,4,0,2
Js7s4s,11,7,4,0,1
Qs7d4c,12,7,4,0,3
Qs7d4d,12,7,4,0,2
Qs7d4s,12,7,4,0,2
Qs7s4d,12,7,4,0,2
Qs7s4s,12,7,4,0,1
Ks7d4c,13,7,4,0,3
Ks7d4d,13,7,4,0,2
Ks7d4s,13,7,4,0,2
Ks7s4d,13,7,4,0,2
Ks7s4s,13,7,4,0,1
As7d4c,14,7,4,0,3
As7d4d,14,7,4,0,2
As7d4s,14,7,4,0,2
As7s4d,14,7,4,0,2
As7s4s,14,7,4,0,1
9s8d4c,9,8,4,0,3
9s8d4d,9,8,4,0,2
9s8d4s,9,8,4,0,2
9s8s4d,9,8,4,0,2
9s8s4s,9,8,4,0,1
Ts8d4c,10,8,4,0,3
Ts8d4d,10,8,4,0,2
Ts8d4s,10,8,4,0,2
Ts8s4d,10,8,4,0,2
Ts8s4s,10,8,4,0,1
Js8d4c,11,8,4,0,3
Js8d4d,11,8,4,0,2
Js8d4s,11,8,4,0,2
Js8s4d,11,8,4,0,2
Js8s4s,11,8,4,0,1
Qs8d4c,12,8,4,0,3
Qs8d4d,12,8,4,0,2
Qs8d4s,12,8,4,0,2
Qs8s4d,12,8,4,0,2
Qs8s4s,12,8,4,0,1
Ks8d4c,13,8,4,0,3
Ks8d4d,13,8,4,0,2
Ks8d4s,13,8,4,0,2
Ks8s4d,13,8,4,0,2
Ks8s4s,13,8,4,0,1
As8d4c,14,8,4,0,3
As8d4d,14,8,4,0,2
As8d4s,14,8,4,0,2
As8s4d,14,8,4,0,2
As8s4s,14,8,4,0,1
Ts9d4c,10,9,4,0,3
Ts9d4d,10,9,4,0,2
Ts9d4s,10,9,4,0,2
Ts9s4d,10,9,4,0,2
Ts9s4s,10,9,4,0,1
Js9d4c,11,9,4,0,3
Js9d4d,11,9,4,0,2
Js9d4s,11,9,4,0,2
Js9s4d,11,9,4,0,2
Js9s4s,11,9,4,0,1
Qs9d4c,12,9,4,0,3
Qs9d4d,12,9,4,0,2
Qs9d4s,12,9,4,0,2
Qs9s4d,12,9,4,0,2
Qs9s4s,12,9,4,0,1
Ks9d4c,13,9,4,0,3
Ks9d4d,13,9,4,0,2
Ks9d4s,13,9,4,0,2
Ks9s4d,13,9,4,0,2
Ks9s4s,13,9,4,0,1
As9d4c,14,9,4,0,3
As9d4d,14,9,4,0,2
As9d4s,14,9,4,0,2
As9s4d,14,9,4,0,2
As9s4s,14,9,4,0,1
JsTd4c,11,10,4,0,3
JsTd4d,11,10,4,0,2
JsTd4s,11,10,4,0,2
JsTs4d,11,10,4,0,2
JsTs4s,11,10,4,0,1
QsTd4c,12,10,4,0,3
QsTd4d,12,10,4,0,2
QsTd4s,12,10,4,0,2
QsTs4d,12,10,4,0,2
QsTs4s,12,10,4,0,1
KsTd4c,13,10,4,0,3
KsTd4d,13,10,4,0,2
KsTd4s,13,10,4,0,2
KsTs4d,13,10,4,0,2
KsTs4s,13,10,4,0,1
AsTd4c,14,10,4,0,3
AsTd4d,14,10,4,0,2
AsTd4s,14,10,4,0,2
AsTs4d,14,10,4,0,2
AsTs4s,14,10,4,0,1
QsJd4c,12,11,4,0,3
QsJd4d,12,11,4,0,2
QsJd4s,12,11,4,0,2
QsJs4d,12,11,4,0,2
QsJs4s,12,11,4,0,1
KsJd4c,13,11,4,0,3
KsJd4d,13,11,4,0,2
KsJd4s,13,11,4,0,2
KsJs4d,13,11,4,0,2
KsJs4s,13,11,4,0,1
AsJd4c,14,11,4,0,3
AsJd4d,14,11,4,0,2
AsJd4s,14,11,4,0,2
AsJs4d,14,11,4,0,2
AsJs4s,14,11,4,0,1
KsQd4c,13,12,4,0,3
KsQd4d,13,12,4,0,2
KsQd4s,13,12,4,0,2
KsQs4d,13,12,4,0,2
KsQs4s,13,12,4,0,1
AsQd4c,14,12,4,0,3
AsQd4d,14,12,4,0,2
AsQd4s,14,12,4,0,2
AsQs4d,14,12,4,0,2
AsQs4s,14,12,4,0,1
AsKd4c,14,13,4,0,3
AsKd4d,14,13,4,0,2
AsKd4s,14,13,4,0,2
AsKs4d,14,13,4,0,2
AsKs4s,14,13,4,0,1
7s6d5c,7,6,5,0,3
7s6d5d,7,6,5,0,2
7s6d5s,7,6,5,0,2
7s6s5d,7,6,5,0,2
7s6s5s,7,6,5,0,1
8s6d5c,8,6,5,0,3
8s6d5d,8,6,5,0,2
8s6d5s,8,6,5,0,2
8s6s5d,8,6,5,0,2
8s6s5s,8,6,5,0,1
9s6d5c,9,6,5,0,3
9s6d5d,9,6,5,0,2
9s6d5s,9,6,5,0,2
9s6s5d,9,6,5,0,2
9s6s5s,9,6,5,0,1
Ts6d5c,10,6,5,0,3
Ts6d5d,10,6,5,0,2
Ts6d5s,10,6,5,0,2
Ts6s5d,10,6,5,0,2
Ts6s5s,10,6,5,0,1
Js6d5c,11,6,5,0,3
Js6d5d,11,6,5,0,2
Js6d5s,11,6,5,0,2
Js6s5d,11,6,5,0,2
Js6s5s,11,6,5,0,1
Qs6d5c,12,6,5,0,3
Qs6d5d,12,6,5,0,2
Qs6d5s,12,6,5,0,2
Qs6s5d,12,6,5,0,2
Qs6s5s,12,6,5,0,1
Ks6d5c,13,6,5,0,3
Ks6d5d,13,6,5,0,2
Ks6d5s,13,6,5,0,2
Ks6s5d,13,6,5,0,2
Ks6s5s,13,6,5,0,1
As6d5c,14,6,5,0,3
As6d5d,14,6,5,0,2
As6d5s,14,6,5,0,2
As6s5d,14,6,5,0,2
As6s5s,14,6,5,0,1
8s7d5c,8,7,5,0,3
8s7d5d,8,7,5,0,2
8s7d5s,8,7,5,0,2
8s7s5d,8,7,5,0,2
8s7s5s,8,7,5,0,1
9s7d5c,9,7,5,0,3
9s7d5d,9,7,5,0,2
9s7d5s,9,7,5,0,2
9s7s5d,9,7,5,0,2
9s7s5s,9,7,5,0,1
Ts7d5c,10,7,5,0,3
Ts7d5d,10,7,5,0,2
Ts7d5s,10,7,5,0,2
Ts7s5d,10,7,5,0,2
Ts7s5s,10,7,5,0,1
Js7d5c,11,7,5,0,3
Js7d5d,11,7,5,0,2
Js7d5s,11,7,5,0,2
Js7s5d,11,7,5,0,2
Js7s5s,11,7,5,0,1
Qs7d5c,12,7,5,0,3
Qs7d5d,12,7,5,0,2
Qs7d5s,12,7,5,0,2
Qs7s5d,12,7,5,0,2
Qs7s5s,12,7,5,0,1
Ks7d5c,13,7,5,0,3
Ks7d5d,13,7,5,0,2
Ks7d5s,13,7,5,0,2
Ks7s5d,13,7,5,0,2
Ks7s5s,13,7,5,0,1
As7d5c,14,7,5,0,3
As7d5d,14,7,5,0,2
As7d5s,14,7,5,0,2
As7s5d,14,7,5,0,2
As7s5s,14,7,5,0,1
9s8d5c,9,8,5,0,3
9s8d5d,9,8,5,0,2
9s8d5s,9,8,5,0,2
9s8s5d,9,8,5,0,2
9s8s5s,9,8,5,0,1
Ts8d5c,10,8,5,0,3
Ts8d5d,10,8,5,0,2
Ts8d5s,10,8,5,0,2
Ts8s5d,10,8,5,0,2
Ts8s5s,10,8,5,0,1
Js8d5c,11,8,5,0,3
Js8d5d,11,8,5,0,2
Js8d5s,11,8,5,0,2
Js8s5d,11,8,5,0,2
Js8s5s,11,8,5,0,1
Qs8d5c,12,8,5,0,3
Qs8d5d,12,8,5,0,2
Qs8d5s,12,8,5,0,2
Qs8s5d,12,8,5,0,2
Qs8s5s,12,8,5,0,1
Ks8d5c,13,8,5,0,3
Ks8d5d,13,8,5,0,2
Ks8d5s,13,8,5,0,2
Ks8s5d,13,8,5,0,2
Ks8s5s,13,8,5,0,1
As8d5c,14,8,5,0,3
As8d5d,14,8,5,0,2
As8d5s,14,8,5,0,2
As8s5d,14,8,5,0,2
As8s5s,14,8,5,0,1
Ts9d5c,10,9,5,0,3
Ts9d5d,10,9,5,0,2
Ts9d5s,10,9,5,0,2
Ts9s5d,10,9,5,0,2
Ts9s5s,10,9,5,0,1
Js9d5c,11,9,5,0,3
Js9d5d,11,9,5,0,2
Js9d5s,11,9,5,0,2
Js9s5d,11,9,5,0,2
Js9s5s,11,9,5,0,1
Qs9d5c,12,9,5,0,3
Qs9d5d,12,9,5,0,2
Qs9d5s,12,9,5,0,2
Qs9s5d,12,9,5,0,2
Qs9s5s,12,9,5,0,1
Ks9d5c,13,9,5,0,3
Ks9d5d,13,9,5,0,2
Ks9d5s,13,9,5,0,2
Ks9s5d,13,9,5,0,2
Ks9s5s,13,9,5,0,1
As9d5c,14,9,5,0,3
As9d5d,14,9,5,0,2
As9d5s,14,9,5,0,2
As9s5d,14,9,5,0,2
As9s5s,14,9,5,0,1
JsTd5c,11,10,5,0,3
JsTd5d,11,10,5,0,2
JsTd5s,11,10,5,0,2
JsTs5d,11,10,5,0,2
JsTs5s,11,10,5,0,1
QsTd5c,12,10,5,0,3
QsTd5d,12,10,5,0,2
QsTd5s,12,10,5,0,2
QsTs5d,12,10,5,0,2
QsTs5s,12,10,5,0,1
KsTd5c,13,10,5,0,3
KsTd5d,13,10,5,0,2
KsTd5s,13,10,5,0,2
KsTs5d,13,10,5,0,2
KsTs5s,13,10,5,0,1
AsTd5c,14,10,5,0,3
AsTd5d,14,10,5,0,2
AsTd5s,14,10,5,0,2
AsTs5d,14,10,5,0,2
AsTs5s,14,10,5,0,1
QsJd5c,12,11,5,0,3
QsJd5d,12,11,5,0,2
QsJd5s,12,11,5,0,2
QsJs5d,12,11,5,0,2
QsJs5s,12,11,5,0,1
KsJd5c,13,11,5,0,3
KsJd5d,13,11,5,0,2
KsJd5s,13,11,5,0,2
KsJs5d,13,11,5,0,2
KsJs5s,13,11,5,0,1
AsJd5c,14,11,5,0,3
AsJd5d,14,11,5,0,2
AsJd5s,14,11,5,0,2
AsJs5d,14,11,5,0,2
AsJs5s,14,11,5,0,1
KsQd5c,13,12,5,0,3
KsQd5d,13,12,5,0,2
KsQd5s,13,12,5,0,2
KsQs5d,13,12,5,0,2
KsQs5s,13,12,5,0,1
AsQd5c,14,12,5,0,3
AsQd5d,14,12,5,0,2
AsQd5s,14,12,5,0,2
AsQs5d,14,12,5,0,2
AsQs5s,14,12,5,0,1
AsKd5c,14,13,5,0,3
AsKd5d,14,13,5,0,2
AsKd5s,14,13,5,0,2
AsKs5d,14,13,5,0,2
AsKs5s,14,13,5,0,1
8s7d6c,8,7,6,0,3
8s7d6d,8,7,6,0,2
8s7d6s,8,7,6,0,2
8s7s6d,8,7,6,0,2
8s7s6s,8,7,6,0,1
9s7d6c,9,7,6,0,3
9s7d6d,9,7,6,0,2
9s7d6s,9,7,6,0,2
9s7s6d,9,7,6,0,2
9s7s6s,9,7,6,0,1
Ts7d6c,10,7,6,0,3
Ts7d6d,10,7,6,0,2
Ts7d6s,10,7,6,0,2
Ts7s6d,10,7,6,0,2
Ts7s6s,10,7,6,0,1
Js7d6c,11,7,6,0,3
Js7d6d,11,7,6,0,2
Js7d6s,11,7,6,0,2
Js7s6d,11,7,6,0,2
Js7s6s,11,7,6,0,1
Qs7d6c,12,7,6,0,3
Qs7d6d,12,7,6,0,2
Qs7d6s,12,7,6,0,2
Qs7s6d,12,7,6,0,2
Qs7s6s,12,7,6,0,1
Ks7d6c,13,7,6,0,3
Ks7d6d,13,7,6,0,2
Ks7d6s,13,7,6,0,2
Ks7s6d,13,7,6,0,2
Ks7s6s,13,7,6,0,1
As7d6c,14,7,6,0,3
As7d6d,14,7,6,0,2
As7d6s,14,7,6,0,2
As7s6d,14,7,6,0,2
As7s6s,14,7,6,0,1
9s8d6c,9,8,6,0,3
9s8d6d,9,8,6,0,2
9s8d6s,9,8,6,0,2
9s8s6d,9,8,6,0,2
9s8s6s,9,8,6,0,1
Ts8d6c,10,8,6,0,3
Ts8d6d,10,8,6,0,2
Ts8d6s,10,8,6,0,2
Ts8s6d,10,8,6,0,2
Ts8s6s,10,8,6,0,1
Js8d6c,11,8,6,0,3
Js8d6d,11,8,6,0,2
Js8d6s,11,8,6,0,2
Js8s6d,11,8,6,0,2
Js8s6s,11,8,6,0,1
Qs8d6c,12,8,6,0,3
Qs8d6d,12,8,6,0,2
Qs8d6s,12,8,6,0,2
Qs8s6d,12,8,6,0,2
Qs8s6s,12,8,6,0,1
Ks8d6c,13,8,6,0,3
Ks8d6d,13,8,6,0,2
Ks8d6s,13,8,6,0,2
Ks8s6d,13,8,6,0,2
Ks8s6s,13,8,6,0,1
As8d6c,14,8,6,0,3
As8d6d,14,8,6,0,2
As8d6s,14,8,6,0,2
As8s6d,14,8,6,0,2
As8s6s,14,8,6,0,1
Ts9d6c,10,9,6,0,3
Ts9d6d,10,9,6,0,2
Ts9d6s,10,9,6,0,2
Ts9s6d,10,9,6,0,2
Ts9s6s,10,9,6,0,1
Js9d6c,11,9,6,0,3
Js9d6d,11,9,6,0,2
Js9d6s,11,9,6,0,2
Js9s6d,11,9,6,0,2
Js9s6s,11,9,6,0,1
Qs9d6c,12,9,6,0,3
Qs9d6d,12,9,6,0,2
Qs9d6s,12,9,6,0,2
Qs9s6d,12,9,6,0,2
Qs9s6s,12,9,6,0,1
Ks9d6c,13,9,6,0,3
Ks9d6d,13,9,6,0,2
Ks9d6s,13,9,6,0,2
Ks9s6d,13,9,6,0,2
Ks9s6s,13,9,6,0,1
As9d6c,14,9,6,0,3
As9d6d,14,9,6,0,2
As9d6s,14,9,6,0,2
As9s6d,14,9,6,0,2
As9s6s,14,9,6,0,1
JsTd6c,11,10,6,0,3
JsTd6d,11,10,6,0,2
JsTd6s,11,10,6,0,2
JsTs6d,11,10,6,0,2
JsTs6s,11,10,6,0,1
QsTd6c,12,10,6,0,3
QsTd6d,12,10,6,0,2
QsTd6s,12,10,6,0,2
QsTs6d,12,10,6,0,2
QsTs6s,12,10,6,0,1
KsTd6c,13,10,6,0,3
KsTd6d,13,10,6,0,2
KsTd6s,13,10,6,0,2
KsTs6d,13,10,6,0,2
KsTs6s,13,10,6,0,1
AsTd6c,14,10,6,0,3
AsTd6d,14,10,6,0,2
AsTd6s,14,10,6,0,2
AsTs6d,14,10,6,0,2
AsTs6s,14,10,6,0,1
QsJd6c,12,11,6,0,3
QsJd6d,12,11,6,0,2
QsJd6s,12,11,6,0,2
QsJs6d,12,11,6,0,2
QsJs6s,12,11,6,0,1
KsJd6c,13,11,6,0,3
KsJd6d,13,11,6,0,2
KsJd6s,13,11,6,0,2
KsJs6d,13,11,6,0,2
KsJs6s,13,11,6,0,1
AsJd6c,14,11,6,0,3
AsJd6d,14,11,6,0,2
AsJd6s,14,11,6,0,2
AsJs6d,14,11,6,0,2
AsJs6s,14,11,6,0,1
KsQd6c,13,12,6,0,3
KsQd6d,13,12,6,0,2
KsQd6s,13,12,6,0,2
KsQs6d,13,12,6,0,2
KsQs6s,13,12,6,0,1
AsQd6c,14,12,6,0,3
AsQd6d,14,12,6,0,2
AsQd6s,14,12,6,0,2
AsQs6d,14,12,6,0,2
AsQs6s,14,12,6,0,1
AsKd6c,14,13,6,0,3
AsKd6d,14,13,6,0,2
AsKd6s,14,13,6,0,2
AsKs6d,14,13,6,0,2
AsKs6s,14,13,6,0,1
9s8d7c,9,8,7,0,3
9s8d7d,9,8,7,0,2
9s8d7s,9,8,7,0,2
9s8s7d,9,8,7,0,2
9s8s7s,9,8,7,0,1
Ts8d7c,10,8,7,0,3
Ts8d7d,10,8,7,0,2
Ts8d7s,10,8,7,0,2
Ts8s7d,10,8,7,0,2
Ts8s7s,10,8,7,0,1
Js8d7c,11,8,7,0,3
Js8d7d,11,8,7,0,2
Js8d7s,11,8,7,0,2
Js8s7d,11,8,7,0,2
Js8s7s,11,8,7,0,1
Qs8d7c,12,8,7,0,3
Qs8d7d,12,8,7,0,2
Qs8d7s,12,8,7,0,2
Qs8s7d,12,8,7,0,2
Qs8s7s,12,8,7,0,1
Ks8d7c,13,8,7,0,3
Ks8d7d,13,8,7,0,2
Ks8d7s,13,8,7,0,2
Ks8s7d,13,8,7,0,2
Ks8s7s,13,8,7,0,1
As8d7c,14,8,7,0,3
As8d7d,14,8,7,0,2
As8d7s,14,8,7,0,2
As8s7d,14,8,7,0,2
As8s7s,14,8,7,0,1
Ts9d7c,10,9,7,0,3
Ts9d7d,10,9,7,0,2
Ts9d7s,10,9,7,0,2
Ts9s7d,10,9,7,0,2
Ts9s7s,10,9,7,0,1
Js9d7c,11,9,7,0,3
Js9d7d,11,9,7,0,2
Js9d7s,11,9,7,0,2
Js9s7d,11,9,7,0,2
Js9s7s,11,9,7,0,1
Qs9d7c,12,9,7,0,3
Qs9d7d,12,9,7,0,2
Qs9d7s,12,9,7,0,2
Qs9s7d,12,9,7,0,2
Qs9s7s,12,9,7,0,1
Ks9d7c,13,9,7,0,3
Ks9d7d,13,9,7,0,2
Ks9d7s,13,9,7,0,2
Ks9s7d,13,9,7,0,2
Ks9s7s,13,9,7,0,1
As9d7c,14,9,7,0,3
As9d7d,14,9,7,0,2
As9d7s,14,9,7,0,2
As9s7d,14,9,7,0,2
As9s7s,14,9,7,0,1
JsTd7c,11,10,7,0,3
JsTd7d,11,10,7,0,2
JsTd7s,11,10,7,0,2
JsTs7d,11,10,7,0,2
JsTs7s,11,10,7,0,1
QsTd7c,12,10,7,0,3
QsTd7d,12,10,7,0,2
QsTd7s,12,10,7,0,2
QsTs7d,12,10,7,0,2
QsTs7s,12,10,7,0,1
KsTd7c,13,10,7,0,3
KsTd7d,13,10,7,0,2
KsTd7s,13,10,7,0,2
KsTs7d,13,10,7,0,2
KsTs7s,13,10,7,0,1
AsTd7c,14,10,7,0,3
AsTd7d,14,10,7,0,2
AsTd7s,14,10,7,0,2
AsTs7d,14,10,7,0,2
AsTs7s,14,10,7,0,1
QsJd7c,12,11,7,0,3
QsJd7d,12,11,7,0,2
QsJd7s,12,11,7,0,2
QsJs7d,12,11,7,0,2
QsJs7s,12,11,7,0,1
KsJd7c,13,11,7,0,3
KsJd7d,13,11,7,0,2
KsJd7s,13,11,7,0,2
KsJs7d,13,11,7,0,2
KsJs7s,13,11,7,0,1
AsJd7c,14,11,7,0,3
AsJd7d,14,11,7,0,2
AsJd7s,14,11,7,0,2
AsJs7d,14,11,7,0,2
AsJs7s,14,11,7,0,1
KsQd7c,13,12,7,0,3
KsQd7d,13,12,7,0,2
KsQd7s,13,12,7,0,2
KsQs7d,13,12,7,0,2
KsQs7s,13,12,7,0,1
AsQd7c,14,12,7,0,3
AsQd7d,14,12,7,0,2
AsQd7s,14,12,7,0,2
AsQs7d,14,12,7,0,2
AsQs7s,14,12,7,0,1
AsKd7c,14,13,7,0,3
AsKd7d,14,13,7,0,2
AsKd7s,14,13,7,0,2
AsKs7d,14,13,7,0,2
AsKs7s,14,13,7,0,1
Ts9d8c,10,9,8,0,3
Ts9d8d,10,9,8,0,2
Ts9d8s,10,9,8,0,2
Ts9s8d,10,9,8,0,2
Ts9s8s,10,9,8,0,1
Js9d8c,11,9,8,0,3
Js9d8d,11,9,8,0,2
Js9d8s,11,9,8,0,2
Js9s8d,11,9,8,0,2
Js9s8s,11,9,8,0,1
Qs9d8c,12,9,8,0,3
Qs9d8d,12,9,8,0,2
Qs9d8s,12,9,8,0,2
Qs9s8d,12,9,8,0,2
Qs9s8s,12,9,8,0,1
Ks9d8c,13,9,8,0,3
Ks9d8d,13,9,8,0,2
Ks9d8s,13,9,8,0,2
Ks9s8d,13,9,8,0,2
Ks9s8s,13,9,8,0,1
As9d8c,14,9,8,0,3
As9d8d,14,9,8,0,2
As9d8s,14,9,8,0,2
As9s8d,14,9,8,0,2
As9s8s,14,9,8,0,1
JsTd8c,11,10,8,0,3
JsTd8d,11,10,8,0,2
JsTd8s,11,10,8,0,2
JsTs8d,11,10,8,0,2
JsTs8s,11,10,8,0,1
QsTd8c,12,10,8,0,3
QsTd8d,12,10,8,0,2
QsTd8s,12,10,8,0,2
QsTs8d,12,10,8,0,2
QsTs8s,12,10,8,0,1
KsTd8c,13,10,8,0,3
KsTd8d,13,10,8,0,2
KsTd8s,13,10,8,0,2
KsTs8d,13,10,8,0,2
KsTs8s,13,10,8,0,1
AsTd8c,14,10,8,0,3
AsTd8d,14,10,8,0,2
AsTd8s,14,10,8,0,2
AsTs8d,14,10,8,0,2
AsTs8s,14,10,8,0,1
QsJd8c,12,11,8,0,3
QsJd8d,12,11,8,0,2
QsJd8s,12,11,8,0,2
QsJs8d,12,11,8,0,2
QsJs8s,12,11,8,0,1
KsJd8c,13,11,8,0,3
KsJd8d,13,11,8,0,2
KsJd8s,13,11,8,0,2
KsJs8d,13,11,8,0,2
KsJs8s,13,11,8,0,1
AsJd8c,14,11,8,0,3
AsJd8d,14,11,8,0,2
AsJd8s,14,11,8,0,2
AsJs8d,14,11,8,0,2
AsJs8s,14,11,8,0,1
KsQd8c,13,12,8,0,3
KsQd8d,13,12,8,0,2
KsQd8s,13,12,8,0,2
KsQs8d,13,12,8,0,2
KsQs8s,13,12,8,0,1
AsQd8c,14,12,8,0,3
AsQd8d,14,12,8,0,2
AsQd8s,14,12,8,0,2
AsQs8d,14,12,8,0,2
AsQs8s,14,12,8,0,1
AsKd8c,14,13,8,0,3
AsKd8d,14,13,8,0,2
AsKd8s,14,13,8,0,2
AsKs8d,14,13,8,0,2
AsKs8s,14,13,8,0,1
JsTd9c,11,10,9,0,3
JsTd9d,11,10,9,0,2
JsTd9s,11,10,9,0,2
JsTs9d,11,10,9,0,2
JsTs9s,11,10,9,0,1
QsTd9c,12,10,9,0,3
QsTd9d,12,10,9,0,2
QsTd9s,12,10,9,0,2
QsTs9d,12,10,9,0,2
QsTs9s,12,10,9,0,1
KsTd9c,13,10,9,0,3
KsTd9d,13,10,9,0,2
KsTd9s,13,10,9,0,2
KsTs9d,13,10,9,0,2
KsTs9s,13,10,9,0,1
AsTd9c,14,10,9,0,3
AsTd9d,14,10,9,0,2
AsTd9s,14,10,9,0,2
AsTs9d,14,10,9,0,2
AsTs9s,14,10,9,0,1
QsJd9c,12,11,9,0,3
QsJd9d,12,11,9,0,2
QsJd9s,12,11,9,0,2
QsJs9d,12,11,9,0,2
QsJs9s,12,11,9,0,1
KsJd9c,13,11,9,0,3
KsJd9d,13,11,9,0,2
KsJd9s,13,11,9,0,2
KsJs9d,13,11,9,0,2
KsJs9s,13,11,9,0,1
AsJd9c,14,11,9,0,3
AsJd9d,14,11,9,0,2
AsJd9s,14,11,9,0,2
AsJs9d,14,11,9,0,2
AsJs9s,14,11,9,0,1
KsQd9c,13,12,9,0,3
KsQd9d,13,12,9,0,2
KsQd9s,13,12,9,0,2
KsQs9d,13,12,9,0,2
KsQs9s,13,12,9,0,1
AsQd9c,14,12,9,0,3
AsQd9d,14,12,9,0,2
AsQd9s,14,12,9,0,2
AsQs9d,14,12,9,0,2
AsQs9s,14,12,9,0,1
AsKd9c,14,13,9,0,3
AsKd9d,14,13,9,0,2
AsKd9s,14,13,9,0,2
AsKs9d,14,13,9,0,2
AsKs9s,14,13,9,0,1
QsJdTc,12,11,10,0,3
QsJdTd,12,11,10,0,2
QsJdTs,12,11,10,0,2
QsJsTd,12,11,10,0,2
QsJsTs,12,11,10,0,1
KsJdTc,13,11,10,0,3
KsJdTd,13,11,10,0,2
KsJdTs,13,11,10,0,2
KsJsTd,13,11,10,0,2
KsJsTs,13,11,10,0,1
AsJdTc,14,11,10,0,3
AsJdTd,14,11,10,0,2
AsJdTs,14,11,10,0,2
AsJsTd,14,11,10,0,2
AsJsTs,14,11,10,0,1
KsQdTc,13,12,10,0,3
KsQdTd,13,12,10,0,2
KsQdTs,13,12,10,0,2
KsQsTd,13,12,10,0,2
KsQsTs,13,12,10,0,1
AsQdTc,14,12,10,0,3
AsQdTd,14,12,10,0,2
AsQdTs,14,12,10,0,2
AsQsTd,14,12,10,0,2
AsQsTs,14,12,10,0,1
AsKdTc,14,13,10,0,3
AsKdTd,14,13,10,0,2
AsKdTs,14,13,10,0,2
AsKsTd,14,13,10,0,2
AsKsTs,14,13,10,0,1
KsQdJc,13,12,11,0,3
KsQdJd,13,12,11,0,2
KsQdJs,13,12,11,0,2
KsQsJd,13,12,11,0,2
KsQsJs,13,12,11,0,1
AsQdJc,14,12,11,0,3
AsQdJd,14,12,11,0,2
AsQdJs,14,12,11,0,2
AsQsJd,14,12,11,0,2
AsQsJs,14,12,11,0,1
AsKdJc,14,13,11,0,3
AsKdJd,14,13,11,0,2
AsKdJs,14,13,11,0,2
AsKsJd,14,13,11,0,2
AsKsJs,14,13,11,0,1
AsKdQc,14,13,12,0,3
AsKdQd,14,13,12,0,2
AsKdQs,14,13,12,0,2
AsKsQd,14,13,12,0,2
AsKsQs,14,13,12,0,1
